{
  "additive": {
    "n_pairs_tested": 18,
    "mean_success_rate": 0.5203703703703703,
    "successful_pairs": 8,
    "orthogonal_success": 0.5203703703703703,
    "other_success": null,
    "best_pair": {
      "concept_a": "formal",
      "concept_b": "negative",
      "layer_a": 20,
      "layer_b": 8,
      "coefficient_a": 3.0,
      "coefficient_b": 1.5,
      "baseline_scores": {
        "formal": 0.6188690900802613,
        "negative": 0.6356588872770469
      },
      "a_only_scores": {
        "formal": 0.8730004866917928,
        "negative": 0.7926259777586286
      },
      "b_only_scores": {
        "formal": 0.8578404188156128,
        "negative": 0.845338093660151
      },
      "composition_scores": {
        "formal": 0.9114634752273559,
        "negative": 0.938874612810711
      },
      "cosine_similarity": 0.026214037090539932,
      "both_present": true,
      "composition_success_rate": 0.9333333333333333,
      "baseline_perplexity": 6671.396604616129,
      "composition_perplexity": 6.841097141521697
    },
    "worst_pair": {
      "concept_a": "verbose",
      "concept_b": "simple",
      "layer_a": 20,
      "layer_b": 10,
      "coefficient_a": 1.0,
      "coefficient_b": 0.0,
      "baseline_scores": {
        "verbose": 0.5265776420632998,
        "simple": 0.5302118053038914
      },
      "a_only_scores": {
        "verbose": 0.26803663149476054,
        "simple": 0.5337363315125306
      },
      "b_only_scores": {
        "verbose": 0.2962637628118197,
        "simple": 0.5896584490935007
      },
      "composition_scores": {
        "verbose": 0.2797318975130717,
        "simple": 0.5801886354883512
      },
      "cosine_similarity": -0.02819787710905075,
      "both_present": false,
      "composition_success_rate": 0.0,
      "baseline_perplexity": 6005.119366134583,
      "composition_perplexity": 6.913254795342651
    }
  },
  "opposing": {
    "n_pairs_tested": 3,
    "cancels_out_count": 0,
    "cancellation_rate": 0.0,
    "mean_similarity": -0.6392786900202433
  },
  "arithmetic": {
    "n_pairs_tested": 18,
    "works_count": 18,
    "success_rate": 1.0,
    "mean_difference": 0.025868754214779653,
    "median_difference": 0.02020755745470526
  },
  "geometry": {
    "correlation": 0.07586129553191967,
    "orthogonal_success": 0.5203703703703703,
    "aligned_success": null,
    "opposing_success": null,
    "n_orthogonal": 18,
    "n_aligned": 0,
    "n_opposing": 0
  }
}