{
  "additive": {
    "n_pairs_tested": 11,
    "mean_success_rate": 0.40303030303030307,
    "successful_pairs": 3,
    "orthogonal_success": 0.40303030303030307,
    "other_success": null,
    "best_pair": {
      "concept_a": "uncertain",
      "concept_b": "simple",
      "coefficient_a": 1.0,
      "coefficient_b": 1.0,
      "baseline_scores": {
        "uncertain": 0.5451782286167145,
        "simple": 0.5218048294385275
      },
      "a_only_scores": {
        "uncertain": 0.7206006109714508,
        "simple": 0.5961255048712094
      },
      "b_only_scores": {
        "uncertain": 0.7346436848243078,
        "simple": 0.606250657637914
      },
      "composition_scores": {
        "uncertain": 0.7097999582688014,
        "simple": 0.595943683385849
      },
      "cosine_similarity": 0.03426676243543625,
      "both_present": true,
      "composition_success_rate": 0.7666666666666667,
      "baseline_perplexity": 5671.468638187476,
      "composition_perplexity": 7.497373538523806
    },
    "worst_pair": {
      "concept_a": "formal",
      "concept_b": "negative",
      "coefficient_a": 1.0,
      "coefficient_b": 1.0,
      "baseline_scores": {
        "formal": 0.7119709819555282,
        "negative": 0.25839635281978796
      },
      "a_only_scores": {
        "formal": 0.8887424459060033,
        "negative": 0.024266734579578043
      },
      "b_only_scores": {
        "formal": 0.8684358030557633,
        "negative": 0.028219814730497696
      },
      "composition_scores": {
        "formal": 0.8862757444381714,
        "negative": 0.023020318693791827
      },
      "cosine_similarity": 0.03318123519420624,
      "both_present": false,
      "composition_success_rate": 0.0,
      "baseline_perplexity": 5005.166911091224,
      "composition_perplexity": 7.789468534017886
    }
  },
  "opposing": {
    "n_pairs_tested": 3,
    "cancels_out_count": 0,
    "cancellation_rate": 0.0,
    "mean_similarity": -0.9587236245473226
  },
  "arithmetic": {
    "n_pairs_tested": 2,
    "works_count": 2,
    "success_rate": 1.0,
    "mean_difference": 0.04644816441965914,
    "median_difference": 0.04644816441965914
  },
  "geometry": {
    "correlation": -0.09152268450929961,
    "orthogonal_success": 0.40303030303030307,
    "aligned_success": null,
    "opposing_success": null,
    "n_orthogonal": 11,
    "n_aligned": 0,
    "n_opposing": 0
  }
}