{
  "additive": {
    "n_pairs_tested": 3,
    "mean_success_rate": 0.3111111111111111,
    "successful_pairs": 0,
    "orthogonal_success": 0.3111111111111111,
    "other_success": null,
    "best_pair": {
      "concept_a": "formal",
      "concept_b": "positive",
      "coefficient_a": 1.0,
      "coefficient_b": 1.0,
      "baseline_scores": {
        "formal": 0.5668895145257314,
        "positive": 0.5475843300422033
      },
      "a_only_scores": {
        "formal": 0.9202341854572296,
        "positive": 0.5739332415163517
      },
      "b_only_scores": {
        "formal": 0.831324718395869,
        "positive": 0.5407627828419208
      },
      "composition_scores": {
        "formal": 0.8764405429363251,
        "positive": 0.5846018465856712
      },
      "cosine_similarity": -0.03446581959724426,
      "both_present": false,
      "composition_success_rate": 0.5333333333333333,
      "baseline_perplexity": 8004.320016539988,
      "composition_perplexity": 7.56942708016136
    },
    "worst_pair": {
      "concept_a": "formal",
      "concept_b": "negative",
      "coefficient_a": 1.0,
      "coefficient_b": 1.0,
      "baseline_scores": {
        "formal": 0.5276865164438883,
        "negative": 0.4515858904380972
      },
      "a_only_scores": {
        "formal": 0.8963949104150136,
        "negative": 0.0606605441813978
      },
      "b_only_scores": {
        "formal": 0.8837560375531515,
        "negative": 0.035704374266788366
      },
      "composition_scores": {
        "formal": 0.876270854473114,
        "negative": 0.025543746856662133
      },
      "cosine_similarity": 0.004103012382984161,
      "both_present": false,
      "composition_success_rate": 0.0,
      "baseline_perplexity": 9000.46229285717,
      "composition_perplexity": 7.798058582636045
    }
  },
  "opposing": {
    "n_pairs_tested": 3,
    "cancels_out_count": 0,
    "cancellation_rate": 0.0,
    "mean_similarity": -0.9499423106511434
  },
  "arithmetic": {
    "n_pairs_tested": 2,
    "works_count": 2,
    "success_rate": 1.0,
    "mean_difference": 0.021157155403246437,
    "median_difference": 0.021157155403246437
  },
  "geometry": {
    "correlation": 0.4186958550181451,
    "orthogonal_success": 0.3111111111111111,
    "aligned_success": null,
    "opposing_success": null,
    "n_orthogonal": 3,
    "n_aligned": 0,
    "n_opposing": 0
  }
}