{
  "additive_composition": [
    {
      "concept_a": "formal",
      "concept_b": "positive",
      "coefficient_a": 1.0,
      "coefficient_b": 1.0,
      "baseline_scores": {
        "formal": 0.6665313263734182,
        "positive": 0.5027515883247058
      },
      "a_only_scores": {
        "formal": 0.895805166165034,
        "positive": 0.4841640541950862
      },
      "b_only_scores": {
        "formal": 0.8125333269437154,
        "positive": 0.5637505563596884
      },
      "composition_scores": {
        "formal": 0.8588871359825134,
        "positive": 0.552907349417607
      },
      "cosine_similarity": -0.012974867597222328,
      "both_present": false,
      "composition_success_rate": 0.5333333333333333,
      "baseline_perplexity": 6336.217212584797,
      "composition_perplexity": 8.035159102037316
    },
    {
      "concept_a": "formal",
      "concept_b": "negative",
      "coefficient_a": 1.0,
      "coefficient_b": 1.0,
      "baseline_scores": {
        "formal": 0.7119709819555282,
        "negative": 0.25839635281978796
      },
      "a_only_scores": {
        "formal": 0.8887424459060033,
        "negative": 0.024266734579578043
      },
      "b_only_scores": {
        "formal": 0.8684358030557633,
        "negative": 0.028219814730497696
      },
      "composition_scores": {
        "formal": 0.8862757444381714,
        "negative": 0.023020318693791827
      },
      "cosine_similarity": 0.03318123519420624,
      "both_present": false,
      "composition_success_rate": 0.0,
      "baseline_perplexity": 5005.166911091224,
      "composition_perplexity": 7.789468534017886
    },
    {
      "concept_a": "casual",
      "concept_b": "positive",
      "coefficient_a": 1.0,
      "coefficient_b": 1.0,
      "baseline_scores": {
        "casual": 0.5269091715415318,
        "positive": 0.47288284339010717
      },
      "a_only_scores": {
        "casual": 0.6283937295277914,
        "positive": 0.5829508423805236
      },
      "b_only_scores": {
        "casual": 0.6027177035808563,
        "positive": 0.5133071806902687
      },
      "composition_scores": {
        "casual": 0.6349314302206039,
        "positive": 0.6276073798537254
      },
      "cosine_similarity": -0.007925564423203468,
      "both_present": false,
      "composition_success_rate": 0.5333333333333333,
      "baseline_perplexity": 7671.3878058675355,
      "composition_perplexity": 7.23928683901686
    },
    {
      "concept_a": "casual",
      "concept_b": "negative",
      "coefficient_a": 1.0,
      "coefficient_b": 1.0,
      "baseline_scores": {
        "casual": 0.5392607857783636,
        "negative": 0.3959199105699857
      },
      "a_only_scores": {
        "casual": 0.6179128964742024,
        "negative": 0.024073215690441428
      },
      "b_only_scores": {
        "casual": 0.6224498271942138,
        "negative": 0.020272179409706343
      },
      "composition_scores": {
        "casual": 0.6074988077084224,
        "negative": 0.028717820967237153
      },
      "cosine_similarity": -0.006506456062197685,
      "both_present": false,
      "composition_success_rate": 0.0,
      "baseline_perplexity": 7669.400165156401,
      "composition_perplexity": 6.907276284977872
    },
    {
      "concept_a": "positive",
      "concept_b": "uncertain",
      "coefficient_a": 1.0,
      "coefficient_b": 1.0,
      "baseline_scores": {
        "positive": 0.4205034883071979,
        "uncertain": 0.5795338352521261
      },
      "a_only_scores": {
        "positive": 0.5654119866589705,
        "uncertain": 0.7182502418756485
      },
      "b_only_scores": {
        "positive": 0.5296931449323893,
        "uncertain": 0.7211968680222829
      },
      "composition_scores": {
        "positive": 0.574917306130131,
        "uncertain": 0.7503245323896408
      },
      "cosine_similarity": 0.04464421421289444,
      "both_present": false,
      "composition_success_rate": 0.6,
      "baseline_perplexity": 6004.99552385129,
      "composition_perplexity": 7.798437283127118
    },
    {
      "concept_a": "negative",
      "concept_b": "uncertain",
      "coefficient_a": 1.0,
      "coefficient_b": 1.0,
      "baseline_scores": {
        "negative": 0.33605740004374335,
        "uncertain": 0.5367405374844869
      },
      "a_only_scores": {
        "negative": 0.031381851884846886,
        "uncertain": 0.7293192346890768
      },
      "b_only_scores": {
        "negative": 0.041434620693326,
        "uncertain": 0.7217815031607946
      },
      "composition_scores": {
        "negative": 0.054839672373297316,
        "uncertain": 0.7157948652903239
      },
      "cosine_similarity": -0.030266916379332542,
      "both_present": false,
      "composition_success_rate": 0.0,
      "baseline_perplexity": 6670.872200534677,
      "composition_perplexity": 7.960850297815219
    },
    {
      "concept_a": "concise",
      "concept_b": "simple",
      "coefficient_a": 1.0,
      "coefficient_b": 1.0,
      "baseline_scores": {
        "concise": 0.517219411333402,
        "simple": 0.5673321227232615
      },
      "a_only_scores": {
        "concise": 0.3762802412112554,
        "simple": 0.6273506730794907
      },
      "b_only_scores": {
        "concise": 0.3533703416585922,
        "simple": 0.6006004373232524
      },
      "composition_scores": {
        "concise": 0.38226819833119713,
        "simple": 0.6158539414405823
      },
      "cosine_similarity": 0.03389967605471611,
      "both_present": false,
      "composition_success_rate": 0.13333333333333333,
      "baseline_perplexity": 6337.585644411357,
      "composition_perplexity": 6.795410128075683
    },
    {
      "concept_a": "confident",
      "concept_b": "technical",
      "coefficient_a": 1.0,
      "coefficient_b": 1.0,
      "baseline_scores": {
        "confident": 0.57862974802653,
        "technical": 0.5334836681683858
      },
      "a_only_scores": {
        "confident": 0.6686552306016286,
        "technical": 0.5465496361255646
      },
      "b_only_scores": {
        "confident": 0.6853145281473796,
        "technical": 0.5684362928072612
      },
      "composition_scores": {
        "confident": 0.7147706151008606,
        "technical": 0.5755484233299891
      },
      "cosine_similarity": -0.013962795957922935,
      "both_present": true,
      "composition_success_rate": 0.6333333333333333,
      "baseline_perplexity": 6003.6651601371905,
      "composition_perplexity": 7.055120471111576
    },
    {
      "concept_a": "confident",
      "concept_b": "simple",
      "coefficient_a": 1.0,
      "coefficient_b": 1.0,
      "baseline_scores": {
        "confident": 0.5170215447743733,
        "simple": 0.5271818965673447
      },
      "a_only_scores": {
        "confident": 0.6503855347633362,
        "simple": 0.5595544854799906
      },
      "b_only_scores": {
        "confident": 0.6876227845748265,
        "simple": 0.6488073458274205
      },
      "composition_scores": {
        "confident": 0.652696983019511,
        "simple": 0.5370583266019822
      },
      "cosine_similarity": 0.00973384641110897,
      "both_present": true,
      "composition_success_rate": 0.6333333333333333,
      "baseline_perplexity": 7668.484406315481,
      "composition_perplexity": 7.283093966028064
    },
    {
      "concept_a": "uncertain",
      "concept_b": "technical",
      "coefficient_a": 1.0,
      "coefficient_b": 1.0,
      "baseline_scores": {
        "uncertain": 0.5630646626154582,
        "technical": 0.49472419222195946
      },
      "a_only_scores": {
        "uncertain": 0.6921714355548223,
        "technical": 0.500067637860775
      },
      "b_only_scores": {
        "uncertain": 0.6955688575903575,
        "technical": 0.5375959823528925
      },
      "composition_scores": {
        "uncertain": 0.7097564096252124,
        "technical": 0.5528890897830327
      },
      "cosine_similarity": -0.0216883085668087,
      "both_present": false,