{
  "formal": [
    {
      "coefficient": 0.5,
      "score": 0.77742840051651,
      "score_gain": -0.01170846223831179,
      "perplexity": 13.610407022243683,
      "is_valid": 