{
  "0.0": {
    "mean_score": 0.7511640250682831,
    "std_score": 0.10862210124400597,
    "mean_perplexity": 6.253075704747081,
    "std_perplexity": 6.315951090668136
  },
  "0.5": {
    "mean_score": 0.7235982120037079,
    "std_score": 0.11715588676780131,
    "mean_perplexity": 3.693220073413694,
    "std_perplexity": 1.2378949587210413
  },
  "1.0": {
    "mean_score": 0.8122546315193176,
    "std_score": 0.08359074838476893,
    "mean_perplexity": 4.372279104004271,
    "std_perplexity": 1.8436307311820415
  },
  "1.5": {
    "mean_score": 0.8348328471183777,
    "std_score": 0.09620293361394197,
    "mean_perplexity": 4.939441181465381,
    "std_perplexity": 2.116795562507713
  },
  "2.0": {
    "mean_score": 0.764512425661087,
    "std_score": 0.12298862881377098,
    "mean_perplexity": 1004.6887124799407,
    "std_perplexity": 2998.4381823734893
  },
  "2.5": {
    "mean_score": 0.7923509895801544,
    "std_score": 0.1440071268572592,
    "mean_perplexity": 1004.971961684907,
    "std_perplexity": 2998.3435928732206
  },
  "3.0": {
    "mean_score": 0.7929378807544708,
    "std_score": 0.1451362982886793,
    "mean_perplexity": 7.292170139099639,
    "std_perplexity": 3.9489132790238184
  }
}