{
  "0.0": {
    "mean_score": 0.5834784030914306,
    "std_score": 0.17045705461587704,
    "mean_perplexity": 8000.854076150985,
    "std_perplexity": 3998.2918477809767
  },
  "0.5": {
    "mean_score": 0.9362809896469116,
    "std_score": 0.062226037977725406,
    "mean_perplexity": 6.99790069392527,
    "std_perplexity": 1.7730820093002713
  },
  "1.0": {
    "mean_score": 0.931512999534607,
    "std_score": 0.08483124259123902,
    "mean_perplexity": 6.921762351099805,
    "std_perplexity": 2.3012058745365427
  },
  "1.5": {
    "mean_score": 0.9105875492095947,
    "std_score": 0.13114350946264616,
    "mean_perplexity": 8.0598566955655,
    "std_perplexity": 3.3068294469199753
  },
  "2.0": {
    "mean_score": 0.9097793340682984,
    "std_score": 0.11791765045438943,
    "mean_perplexity": 7.475407751532012,
    "std_perplexity": 3.139351532378542
  },
  "2.5": {
    "mean_score": 0.9279965877532959,
    "std_score": 0.08363309353335631,
    "mean_perplexity": 7.569476931848134,
    "std_perplexity": 2.232429107092136
  },
  "3.0": {
    "mean_score": 0.907250490784645,
    "std_score": 0.16592971186271735,
    "mean_perplexity": 7.071108061739244,
    "std_perplexity": 2.5814536895910427
  }
}