{
  "0.0": {
    "mean_score": 0.6400566697120667,
    "std_score": 0.33359711532107394,
    "mean_perplexity": 5.827348221964994,
    "std_perplexity": 2.452909783890121
  },
  "0.5": {
    "mean_score": 0.5826441578567028,
    "std_score": 0.33789908222018905,
    "mean_perplexity": 4.459936870929611,
    "std_perplexity": 1.8683088781105537
  },
  "1.0": {
    "mean_score": 0.5824011880904436,
    "std_score": 0.3796456091247245,
    "mean_perplexity": 1009.1350259944744,
    "std_perplexity": 2996.974560071463
  },
  "1.5": {
    "mean_score": 0.5415145851671695,
    "std_score": 0.37542655632535193,
    "mean_perplexity": 3.552708961905656,
    "std_perplexity": 1.3205742569527579
  },
  "2.0": {
    "mean_score": 0.6101504072546959,
    "std_score": 0.3879683386242082,
    "mean_perplexity": 1004.903413639025,
    "std_perplexity": 2998.366138715606
  },
  "2.5": {
    "mean_score": 0.4555845777504146,
    "std_score": 0.37872248195471153,
    "mean_perplexity": 4.8086249359230635,
    "std_perplexity": 1.2491640492765275
  },
  "3.0": {
    "mean_score": 0.5571696117520333,
    "std_score": 0.38784640240490503,
    "mean_perplexity": 7.0873355168115975,
    "std_perplexity": 3.9036911034837916
  }
}