{
  "0.0": {
    "mean_score": 0.7048717021942139,
    "std_score": 0.1128495968777969,
    "mean_perplexity": 4.538313613834317,
    "std_perplexity": 1.962463292550105
  },
  "0.5": {
    "mean_score": 0.7428283333778382,
    "std_score": 0.10754587329152292,
    "mean_perplexity": 5.95472111047358,
    "std_perplexity": 2.8112933330568164
  },
  "1.0": {
    "mean_score": 0.7465172052383423,
    "std_score": 0.09041403669793542,
    "mean_perplexity": 4.674229798929865,
    "std_perplexity": 2.201524093760153
  },
  "1.5": {
    "mean_score": 0.5997816115617752,
    "std_score": 0.13271943965791805,
    "mean_perplexity": 7.068125498427723,
    "std_perplexity": 4.399029688328473
  },
  "2.0": {
    "mean_score": 0.7208145588636399,
    "std_score": 0.14955640060584163,
    "mean_perplexity": 2.402200080935973,
    "std_perplexity": 0.8858317205288958
  },
  "2.5": {
    "mean_score": 0.7679597616195679,
    "std_score": 0.09899704109774239,
    "mean_perplexity": 3.779302954800145,
    "std_perplexity": 1.9725951350109276
  },
  "3.0": {
    "mean_score": 0.7043019711971283,
    "std_score": 0.09409295302876927,
    "mean_perplexity": 3.523425063723883,
    "std_perplexity": 2.5662987480603587
  }
}