{
  "0.0": {
    "mean_score": 0.6873463034629822,
    "std_score": 0.16167811107673258,
    "mean_perplexity": 3.8468292663044537,
    "std_perplexity": 1.76218940456565
  },
  "0.5": {
    "mean_score": 0.733172482252121,
    "std_score": 0.1346312607403391,
    "mean_perplexity": 4.872404763142363,
    "std_perplexity": 1.6794138730290666
  },
  "1.0": {
    "mean_score": 0.7926872134208679,
    "std_score": 0.1307033263356445,
    "mean_perplexity": 4.3977081865221415,
    "std_perplexity": 1.6178451252614734
  },
  "1.5": {
    "mean_score": 0.7622051119804383,
    "std_score": 0.10110253059642643,
    "mean_perplexity": 4.905751209798535,
    "std_perplexity": 2.3546143101142145
  },
  "2.0": {
    "mean_score": 0.7932368278503418,
    "std_score": 0.09775355320166333,
    "mean_perplexity": 4.2956463638150675,
    "std_perplexity": 1.7806703626789333
  },
  "2.5": {
    "mean_score": 0.763143265247345,
    "std_score": 0.11141845961149151,
    "mean_perplexity": 4.541717975531894,
    "std_perplexity": 1.8837636033546767
  },
  "3.0": {
    "mean_score": 0.719974410533905,
    "std_score": 0.11212726366783551,
    "mean_perplexity": 1005.3540573574419,
    "std_perplexity": 2998.215916495897
  }
}