{
  "0.0": {
    "mean_score": 0.5999035835266113,
    "std_score": 0.19980716769974535,
    "mean_perplexity": 8001.229657135295,
    "std_perplexity": 3997.540701748955
  },
  "0.5": {
    "mean_score": 0.9911104261875152,
    "std_score": 0.020153857575099562,
    "mean_perplexity": 6.730273426035188,
    "std_perplexity": 2.019237273183137
  },
  "1.0": {
    "mean_score": 0.6049077614909038,
    "std_score": 0.483509251155928,
    "mean_perplexity": 7.0914097001933,
    "std_perplexity": 2.364192927744555
  },
  "1.5": {
    "mean_score": 0.6125069129280746,
    "std_score": 0.4745007732850296,
    "mean_perplexity": 6.871216013088338,
    "std_perplexity": 1.6050305001388672
  },
  "2.0": {
    "mean_score": 0.6101992466952652,
    "std_score": 0.47744335154041,
    "mean_perplexity": 6.665750758344847,
    "std_perplexity": 2.6389079258238692
  },
  "2.5": {
    "mean_score": 0.7276561574079097,
    "std_score": 0.3889575209019026,
    "mean_perplexity": 6.252691733110012,
    "std_perplexity": 1.3594104298386542
  },
  "3.0": {
    "mean_score": 0.8115762666799128,
    "std_score": 0.30562491785274687,
    "mean_perplexity": 6.242193428402133,
    "std_perplexity": 3.8605235427774827
  }
}