{
  "formal": {
    "8": {
      "pos_mean": -0.47291991114616394,
      "neg_mean": -1.151796817779541,
      "pos_std": 0.2538982629776001,
      "neg_std": 0.24378632009029388,
      "cohens_d": 2.7275781631469727,
      "separation_accuracy": 0.92,
      "mean_difference": 0.6788768768310547
    },
    "10": {
      "pos_mean": -0.9089648723602295,
      "neg_mean": -1.9064843654632568,
      "pos_std": 0.4187265932559967,
      "neg_std": 0.46937358379364014,
      "cohens_d": 2.2427680492401123,
      "separation_accuracy": 0.86,
      "mean_difference": 0.9975194931030273
    },
    "12": {
      "pos_mean": -1.0618749856948853,
      "neg_mean": -2.2950000762939453,
      "pos_std": 0.46423739194869995,
      "neg_std": 0.4769275188446045,
      "cohens_d": 2.6201846599578857,
      "separation_accuracy": 0.9,
      "mean_difference": 1.23312509059906
    },
    "14": {
      "pos_mean": -1.659999966621399,
      "neg_mean": -3.1368749141693115,
      "pos_std": 0.7017292976379395,
      "neg_std": 0.6469226479530334,
      "cohens_d": 2.1883437633514404,
      "separation_accuracy": 0.87,
      "mean_difference": 1.4768749475479126
    },
    "16": {
      "pos_mean": -2.180356502532959,
      "neg_mean": -4.296249866485596,
      "pos_std": 0.955485463142395,
      "neg_std": 1.0396389961242676,
      "cohens_d": 2.1191797256469727,
      "separation_accuracy": 0.87,
      "mean_difference": 2.1158933639526367
    }
  },
  "casual": {
    "8": {
      "pos_mean": 1.132656216621399,
      "neg_mean": 0.49116212129592896,
      "pos_std": 0.23372691869735718,
      "neg_std": 0.20116756856441498,
      "cohens_d": 2.941880464553833,
      "separation_accuracy": 0.92,
      "mean_difference": 0.64149409532547
    },
    "10": {
      "pos_mean": 1.8942968845367432,
      "neg_mean": 0.9715234637260437,
      "pos_std": 0.3261832594871521,
      "neg_std": 0.2757834792137146,
      "cohens_d": 3.0551722049713135,
      "separation_accuracy": 0.93,
      "mean_difference": 0.9227734208106995
    },
    "12": {
      "pos_mean": 2.221562385559082,
      "neg_mean": 1.1503515243530273,
      "pos_std": 0.43331921100616455,
      "neg_std": 0.3232974708080292,
      "cohens_d": 2.8021111488342285,
      "separation_accuracy": 0.9,
      "mean_difference": 1.0712108612060547
    },
    "14": {
      "pos_mean": 3.2462499141693115,
      "neg_mean": 1.9016406536102295,
      "pos_std": 0.5667423009872437,
      "neg_std": 0.4598833918571472,
      "cohens_d": 2.6053974628448486,
      "separation_accuracy": 0.91,
      "mean_difference": 1.344609260559082
    },
    "16": {
      "pos_mean": 3.9156250953674316,
      "neg_mean": 2.0116405487060547,
      "pos_std": 0.8447216749191284,
      "neg_std": 0.5999722480773926,
      "cohens_d": 2.5988011360168457,
      "separation_accuracy": 0.91,
      "mean_difference": 1.903984546661377
    }
  },
  "positive": {
    "8": {
      "pos_mean": 0.23701171576976776,
      "neg_mean": -0.1709936559200287,
      "pos_std": 0.11120381206274033,
      "neg_std": 0.1446908563375473,
      "cohens_d": 3.1618947982788086,
      "separation_accuracy": 0.97,
      "mean_difference": 0.40800535678863525
    },
    "10": {
      "pos_mean": 0.36930665373802185,
      "neg_mean": -0.4871777296066284,
      "pos_std": 0.13789406418800354,
      "neg_std": 0.29126662015914917,
      "cohens_d": 3.7586255073547363,
      "separation_accuracy": 0.97,
      "mean_difference": 0.8564844131469727
    },
    "12": {
      "pos_mean": 0.2276892066001892,
      "neg_mean": -0.9059765338897705,
      "pos_std": 0.22246071696281433,
      "neg_std": 0.3547075092792511,
      "cohens_d": 3.829141616821289,
      "separation_accuracy": 1.0,
      "mean_difference": 1.1336658000946045
    },
    "14": {
      "pos_mean": 0.5179511904716492,
      "neg_mean": -0.8357226848602295,
      "pos_std": 0.2651106119155884,
      "neg_std": 0.44474726915359497,
      "cohens_d": 3.6973776817321777,
      "separation_accuracy": 0.97,
      "mean_difference": 1.3536739349365234
    },
    "16": {
      "pos_mean": 0.9939025640487671,
      "neg_mean": -0.9938891530036926,
      "pos_std": 0.46209973096847534,
      "neg_std": 0.6690886616706848,
      "cohens_d": 3.457118511199951,
      "separation_accuracy": 0.95,
      "mean_difference": 1.9877917766571045
    }
  },
  "negative": {
    "8": {
      "pos_mean": 0.15061278641223907,
      "neg_mean": -0.23162108659744263,
      "pos_std": 0.13436545431613922,
      "neg_std": 0.09399867802858353,
      "cohens_d": 3.296477794647217,
      "separation_accuracy": 0.96,
      "mean_difference": 0.3822338581085205
    },
    "10": {
      "pos_mean": 0.3910229504108429,
      "neg_mean": -0.45870116353034973,
      "pos_std": 0.2714141607284546,
      "neg_std": 0.15070565044879913,
      "cohens_d": 3.8708322048187256,
      "separation_accuracy": 0.98,
      "mean_difference": 0.8497241139411926
    },
    "12": {
      "pos_mean": 0.8257812261581421,
      "neg_mean": -0.30839842557907104,
      "pos_std": 0.35999396443367004,
      "neg_std": 0.2629147469997406,
      "cohens_d": 3.5981249809265137,
      "separation_accuracy": 1.0,
      "mean_difference": 1.1341795921325684
    },
    "14": {
      "pos_mean": 0.974316418170929,
      "neg_mean": -0.37797242403030396,
      "pos_std": 0.4161739945411682,
      "neg_std": 0.3828459680080414,
      "cohens_d": 3.381927967071533,
      "separation_accuracy": 0.99,
      "mean_difference": 1.352288842201233
    },
    "16": {
      "pos_mean": 1.178564429283142,
      "neg_mean": -0.7546093463897705,
      "pos_std": 0.6845085620880127,
      "neg_std": 0.7540832161903381,
      "cohens_d": 2.6844544410705566,
      "separation_accuracy": 0.91,
      "mean_difference": 1.9331737756729126
    }
  },
  "verbose": {
    "8": {
      "pos_mean": 0.985156238079071,
      "neg_mean": 0.29554200172424316,
      "pos_std": 0.1898212432861328,
      "neg_std": 0.11870500445365906,
      "cohens_d": 4.356149673461914,
      "separation_accuracy": 0.96,
      "mean_difference": 0.6896142363548279
    },
    "10": {
      "pos_mean": 1.8895312547683716,
      "neg_mean": 0.6695898175239563,
      "pos_std": 0.21283872425556183,
      "neg_std": 0.2133268266916275,
      "cohens_d": 5.725195407867432,
      "separation_accuracy": 0.99,
      "mean_difference": 1.2199413776397705
    },
    "12": {
      "pos_mean": 1.6432812213897705,
      "neg_mean": 0.0845324695110321,
      "pos_std": 0.3200746476650238,
      "neg_std": 0.23225389420986176,
      "cohens_d": 5.574258327484131,
      "separation_accuracy": 1.0,
      "mean_difference": 1.558748722076416
    },
    "14": {
      "pos_mean": 1.9929687976837158,
      "neg_mean": -0.03254791349172592,
      "pos_std": 0.43729692697525024,
      "neg_std": 0.38020002841949463,
      "cohens_d": 4.943368434906006,
      "separation_accuracy": 0.98,
      "mean_difference": 2.0255167484283447
    },
    "16": {
      "pos_mean": 2.6348438262939453,
      "neg_mean": -0.37871116399765015,
      "pos_std": 0.6398009061813354,
      "neg_std": 0.5627263188362122,
      "cohens_d": 5.001773357391357,
      "separation_accuracy": 1.0,
      "mean_difference": 3.0135550498962402
    }
  },
  "concise": {
    "8": {
      "pos_mean": -0.3990185558795929,
      "neg_mean": -1.0029687881469727,
      "pos_std": 0.14876434206962585,
      "neg_std": 0.1921566277742386,
      "cohens_d": 3.5146965980529785,
      "separation_accuracy": 0.97,
      "mean_difference": 0.6039502620697021
    },
    "10": {
      "pos_mean": -0.793749988079071,
      "neg_mean": -1.9251562356948853,
      "pos_std": 0.2758437693119049,
      "neg_std": 0.2690500319004059,
      "cohens_d": 4.152436256408691,
      "separation_accuracy": 0.99,
      "mean_difference": 1.131406307220459
    },
    "12": {
      "pos_mean": -0.2738281190395355,
      "neg_mean": -1.743593692779541,
      "pos_std": 0.370212197303772,