{
  "formal": {
    "8": {
      "pos_mean": -0.44507935643196106,
      "neg_mean": -0.974609375,
      "pos_std": 0.2959591746330261,
      "neg_std": 0.20079682767391205,
      "cohens_d": 2.0938777923583984,
      "separation_accuracy": 0.89,
      "mean_difference": 0.5295300483703613
    },
    "10": {
      "pos_mean": -0.548583984375,
      "neg_mean": -1.3951562643051147,
      "pos_std": 0.3901638984680176,
      "neg_std": 0.29995155334472656,
      "cohens_d": 2.432725191116333,
      "separation_accuracy": 0.89,
      "mean_difference": 0.8465722799301147
    },
    "12": {
      "pos_mean": -0.3609863221645355,
      "neg_mean": -1.4284374713897705,
      "pos_std": 0.3574783504009247,
      "neg_std": 0.36433684825897217,
      "cohens_d": 2.957552194595337,
      "separation_accuracy": 0.95,
      "mean_difference": 1.0674511194229126
    },
    "14": {
      "pos_mean": -0.3608984351158142,
      "neg_mean": -1.7990624904632568,
      "pos_std": 0.34258168935775757,
      "neg_std": 0.6116524338722229,
      "cohens_d": 2.901149272918701,
      "separation_accuracy": 0.94,
      "mean_difference": 1.4381639957427979
    },
    "16": {
      "pos_mean": 0.20991332828998566,
      "neg_mean": -2.0654687881469727,
      "pos_std": 0.6884148120880127,
      "neg_std": 1.2075966596603394,
      "cohens_d": 2.314955949783325,
      "separation_accuracy": 0.82,
      "mean_difference": 2.2753820419311523
    }
  },
  "casual": {
    "8": {
      "pos_mean": 0.9268749952316284,
      "neg_mean": 0.45008301734924316,
      "pos_std": 0.14611680805683136,
      "neg_std": 0.26625388860702515,
      "cohens_d": 2.2201449871063232,
      "separation_accuracy": 0.87,
      "mean_difference": 0.47679197788238525
    },
    "10": {
      "pos_mean": 1.3551563024520874,
      "neg_mean": 0.5995995998382568,
      "pos_std": 0.263635516166687,
      "neg_std": 0.3312189280986786,
      "cohens_d": 2.5240697860717773,
      "separation_accuracy": 0.92,
      "mean_difference": 0.7555567026138306
    },
    "12": {
      "pos_mean": 1.3692187070846558,
      "neg_mean": 0.4134497046470642,
      "pos_std": 0.2850419878959656,
      "neg_std": 0.30986568331718445,
      "cohens_d": 3.210373878479004,
      "separation_accuracy": 0.95,
      "mean_difference": 0.9557690024375916
    },
    "14": {
      "pos_mean": 1.685156226158142,
      "neg_mean": 0.3388342261314392,
      "pos_std": 0.5150073170661926,
      "neg_std": 0.3677197992801666,
      "cohens_d": 3.0087742805480957,
      "separation_accuracy": 0.96,
      "mean_difference": 1.3463220596313477
    },
    "16": {
      "pos_mean": 1.8223047256469727,
      "neg_mean": -0.36809203028678894,
      "pos_std": 1.0362107753753662,
      "neg_std": 0.7122617363929749,
      "cohens_d": 2.4635708332061768,
      "separation_accuracy": 0.85,
      "mean_difference": 2.190396785736084
    }
  },
  "technical": {
    "8": {
      "pos_mean": 0.3191647231578827,
      "neg_mean": -0.009640198200941086,
      "pos_std": 0.17014068365097046,
      "neg_std": 0.16640818119049072,
      "cohens_d": 1.9538599252700806,
      "separation_accuracy": 0.83,
      "mean_difference": 0.3288049101829529
    },
    "10": {
      "pos_mean": 0.40547606348991394,
      "neg_mean": -0.129669189453125,
      "pos_std": 0.2533712685108185,
      "neg_std": 0.17219364643096924,
      "cohens_d": 2.4704439640045166,
      "separation_accuracy": 0.88,
      "mean_difference": 0.5351452827453613
    },
    "12": {
      "pos_mean": 0.31760498881340027,
      "neg_mean": -0.4263964891433716,
      "pos_std": 0.32557913661003113,
      "neg_std": 0.28928548097610474,
      "cohens_d": 2.4158449172973633,
      "separation_accuracy": 0.85,
      "mean_difference": 0.7440015077590942
    },
    "14": {
      "pos_mean": -0.08250000327825546,
      "neg_mean": -1.1074023246765137,
      "pos_std": 0.3809223771095276,
      "neg_std": 0.3359052836894989,
      "cohens_d": 2.8539280891418457,
      "separation_accuracy": 0.92,
      "mean_difference": 1.02490234375
    },
    "16": {
      "pos_mean": 0.38471680879592896,
      "neg_mean": -1.104343295097351,
      "pos_std": 0.6892114877700806,
      "neg_std": 0.6661357283592224,
      "cohens_d": 2.196993112564087,
      "separation_accuracy": 0.85,
      "mean_difference": 1.4890601634979248
    }
  },
  "simple": {
    "8": {
      "pos_mean": -0.16279418766498566,
      "neg_mean": -0.49052733182907104,
      "pos_std": 0.1843552142381668,
      "neg_std": 0.15016092360019684,
      "cohens_d": 1.9492884874343872,
      "separation_accuracy": 0.91,
      "mean_difference": 0.3277331590652466
    },
    "10": {
      "pos_mean": -0.045512694865465164,
      "neg_mean": -0.5623632669448853,
      "pos_std": 0.23002807796001434,
      "neg_std": 0.18375615775585175,
      "cohens_d": 2.482689619064331,
      "separation_accuracy": 0.92,
      "mean_difference": 0.5168505907058716
    },
    "12": {
      "pos_mean": 0.07533203065395355,
      "neg_mean": -0.655957043170929,
      "pos_std": 0.3336702287197113,
      "neg_std": 0.23467545211315155,
      "cohens_d": 2.5352249145507812,
      "separation_accuracy": 0.89,
      "mean_difference": 0.7312890887260437
    },
    "14": {
      "pos_mean": 0.68389892578125,
      "neg_mean": -0.275968462228775,
      "pos_std": 0.4598790407180786,
      "neg_std": 0.29292434453964233,
      "cohens_d": 2.4896230697631836,
      "separation_accuracy": 0.88,
      "mean_difference": 0.9598673582077026
    },
    "16": {
      "pos_mean": 0.7433740496635437,
      "neg_mean": -0.7040746808052063,
      "pos_std": 0.793135404586792,
      "neg_std": 0.5447328686714172,
      "cohens_d": 2.1274538040161133,
      "separation_accuracy": 0.86,
      "mean_difference": 1.44744873046875
    }
  },
  "positive": {
    "8": {
      "pos_mean": 0.34371092915534973,
      "neg_mean": -0.02266388013958931,
      "pos_std": 0.08587110042572021,
      "neg_std": 0.21791113913059235,
      "cohens_d": 2.212158441543579,
      "separation_accuracy": 0.88,
      "mean_difference": 0.36637482047080994
    },
    "10": {
      "pos_mean": 0.6260547041893005,
      "neg_mean": -0.23485839366912842,
      "pos_std": 0.12827390432357788,
      "neg_std": 0.3788203001022339,
      "cohens_d": 3.044177293777466,
      "separation_accuracy": 0.96,
      "mean_difference": 0.860913097858429
    },
    "12": {
      "pos_mean": 0.6663671731948853,
      "neg_mean": -0.4587249755859375,
      "pos_std": 0.1353292614221573,
      "neg_std": 0.5966446399688721,
      "cohens_d": 2.6007213592529297,
      "separation_accuracy": 0.9,
      "mean_difference": 1.1250921487808228
    },
    "14": {
      "pos_mean": 0.6947265863418579,
      "neg_mean": -0.8182373046875,
      "pos_std": 0.24383769929409027,
      "neg_std": 0.694608211517334,
      "cohens_d": 2.906491279602051,
      "separation_accuracy": 0.94,
      "mean_difference": 1.512963891029358
    },
    "16": {
      "pos_mean": 1.531640648841858,
      "neg_mean": -0.9089159965515137,
      "pos_std": 0.2989649474620819,
      "neg_std": 1.14737868309021,
      "cohens_d": 2.9109392166137695,
      "separation_accuracy": 0.95,
      "mean_difference": 2.440556526184082
    }
  },
  "negative": {
    "8": {
      "pos_mean": 0.31804442405700684,
      "neg_mean": -0.021335983648896217,
      "pos_std": 0.15208309888839722,
      "neg_std": 0.11568441241979599,
      "cohens_d": 2.5117886066436768,
      "separation_accuracy": 0.93,
      "mean_difference": 0.3393804132938385
    },
    "10": {
      "pos_mean": 0.6942968964576721,
      "neg_mean": -0.15670982003211975,
      "pos_std": 0.2019686996936798,
      "neg_std": 0.15040646493434906,
      "cohens_d": 4.7792229652404785,
      "separation_accuracy": 1.0,
      "mean_difference": 0.8510067462921143
    },
    "12": {
      "pos_mean": 0.8036133050918579,
      "neg_mean": -0.34829437732696533,
      "pos_std": 0.3996865153312683,