{
  "per_concept": {
    "formal": {
      "statistics": {
        "baseline_mean": 0.6110416710376739,
        "baseline_std": 0.20194108711435485,
        "steered_mean": 0.878858357667923,
        "steered_std": 0.1446781040126683,
        "improvement": 0.26781668663024905,
        "success_rate": 0.9
      },
      "quality": {
        "baseline_perplexity_mean": 5.133006001962458,
        "steered_perplexity_mean": 7.565052243612155,
        "delta_perplexity_mean": 2.4320462416496973,
        "baseline_perplexity_std": 2.3082804963597576,
        "steered_perplexity_std": 2.1486264822649037,
        "delta_perplexity_std": -0.1596540140948539,
        "baseline_distinct_1": 0.3847457627118644,
        "steered_distinct_1": 0.35942668136714445,
        "delta_distinct_1": -0.02531908134471994,
        "baseline_distinct_2": 0.7135506003430532,
        "steered_distinct_2": 0.7770345596432553,
        "delta_distinct_2": 0.06348395930020212,
        "baseline_self_bleu": 0.06600614009210062,
        "steered_self_bleu": 0.19738264915625897,
        "delta_self_bleu": 0.13137650906415835,
        "baseline_repetition_mean": 0.14079468892914324,
        "steered_repetition_mean": 0.011149397486455931,
        "delta_repetition_mean": -0.1296452914426873,
        "baseline_n_valid_texts": 7,
        "steered_n_valid_texts": 30,
        "delta_n_valid_texts": 23,
        "baseline_n_total_texts": 30,
        "steered_n_total_texts": 30,
        "delta_n_total_texts": 0,
        "baseline_mean_length": 84.28571428571429,
        "steered_mean_length": 90.7,
        "delta_mean_length": 6.414285714285711,
        "baseline_std_length": 22.0241055321163,
        "steered_std_length": 6.553116307020144,
        "delta_std_length": -15.470989225096158,
        "baseline_min_length": 49,
        "steered_min_length": 75,
        "delta_min_length": 26,
        "baseline_max_length": 117,
        "steered_max_length": 106,
        "delta_max_length": -11
      }
    },
    "casual": {
      "statistics": {
        "baseline_mean": 0.5215011785427729,
        "baseline_std": 0.11678956949516822,
        "steered_mean": 0.6181342552105585,
        "steered_std": 0.11341809192970152,
        "improvement": 0.09663307666778564,
        "success_rate": 0.8333333333333334
      },
      "quality": {
        "baseline_perplexity_mean": 8.192726826479207,
        "steered_perplexity_mean": 7.3789290464151716,
        "delta_perplexity_mean": -0.8137977800640357,
        "baseline_perplexity_std": 3.493636699376118,
        "steered_perplexity_std": 2.023290315360754,
        "delta_perplexity_std": -1.4703463840153637,
        "baseline_distinct_1": 0.5269565217391304,
        "steered_distinct_1": 0.3833648393194707,
        "delta_distinct_1": -0.14359168241965975,
        "baseline_distinct_2": 0.8871252204585538,
        "steered_distinct_2": 0.8022944550669217,
        "delta_distinct_2": -0.08483076539163215,
        "baseline_self_bleu": 0.0412778742995625,
        "steered_self_bleu": 0.13202396217607318,
        "delta_self_bleu": 0.09074608787651067,
        "baseline_repetition_mean": 0.03113584076659792,
        "steered_repetition_mean": 0.012564870176025072,
        "delta_repetition_mean": -0.018570970590572847,
        "baseline_n_valid_texts": 8,
        "steered_n_valid_texts": 30,
        "delta_n_valid_texts": 22,
        "baseline_n_total_texts": 30,
        "steered_n_total_texts": 30,
        "delta_n_total_texts": 0,
        "baseline_mean_length": 71.875,
        "steered_mean_length": 88.16666666666667,
        "delta_mean_length": 16.29166666666667,
        "baseline_std_length": 20.67267217850658,
        "steered_std_length": 10.933384146223384,
        "delta_std_length": -9.739288032283197,
        "baseline_min_length": 44,
        "steered_min_length": 50,
        "delta_min_length": 6,
        "baseline_max_length": 99,
        "steered_max_length": 105,
        "delta_max_length": 6
      }
    },
    "technical": {
      "statistics": {
        "baseline_mean": 0.5182509620984396,
        "baseline_std": 0.07765755201503496,
        "steered_mean": 0.5572612836956978,
        "steered_std": 0.1465106696853041,
        "improvement": 0.03901032159725826,
        "success_rate": 0.6
      },
      "quality": {
        "baseline_perplexity_mean": 14.549177715118685,
        "steered_perplexity_mean": 6.961581113478782,
        "delta_perplexity_mean": -7.587596601639903,
        "baseline_perplexity_std": 17.892886105886845,
        "steered_perplexity_std": 2.272695762539514,
        "delta_perplexity_std": -15.620190343347332,
        "baseline_distinct_1": 0.5079365079365079,
        "steered_distinct_1": 0.356139719121354,
        "delta_distinct_1": -0.1517967888151539,
        "baseline_distinct_2": 0.775974025974026,
        "steered_distinct_2": 0.7724790680742628,
        "delta_distinct_2": -0.0034949578997631736,
        "baseline_self_bleu": 0.05812085429275803,
        "steered_self_bleu": 0.18430076426324932,
        "delta_self_bleu": 0.12617990997049128,
        "baseline_repetition_mean": 0.06493849056319381,
        "steered_repetition_mean": 0.013428550641344168,
        "delta_repetition_mean": -0.05150993992184964,
        "baseline_n_valid_texts": 7,
        "steered_n_valid_texts": 30,
        "delta_n_valid_texts": 23,
        "baseline_n_total_texts": 30,
        "steered_n_total_texts": 30,
        "delta_n_total_texts": 0,
        "baseline_mean_length": 45.0,
        "steered_mean_length": 92.56666666666666,
        "delta_mean_length": 47.56666666666666,
        "baseline_std_length": 32.89376840679705,
        "steered_std_length": 7.121251450568377,
        "delta_std_length": -25.772516956228674,
        "baseline_min_length": 8,
        "steered_min_length": 83,
        "delta_min_length": 75,
        "baseline_max_length": 97,
        "steered_max_length": 109,
        "delta_max_length": 12
      }
    },
    "simple": {
      "statistics": {
        "baseline_mean": 0.5436189393202464,
        "baseline_std": 0.08843494579015793,
        "steered_mean": 0.5931666175524394,
        "steered_std": 0.166933221446768,
        "improvement": 0.04954767823219297,
        "success_rate": 0.6333333333333333
      },
      "quality": {
        "baseline_perplexity_mean": 7.220530496747085,
        "steered_perplexity_mean": 6.997067870721669,
        "delta_perplexity_mean": -0.223462626025416,
        "baseline_perplexity_std": 3.796480030568745,
        "steered_perplexity_std": 1.6254090618379033,
        "delta_perplexity_std": -2.1710709687308416,
        "baseline_distinct_1": 0.42344827586206896,
        "steered_distinct_1": 0.3548153511947864,
        "delta_distinct_1": -0.06863292466728255,
        "baseline_distinct_2": 0.8081232492997199,
        "steered_distinct_2": 0.7723279648609077,
        "delta_distinct_2": -0.03579528443881219,
        "baseline_self_bleu": 0.09632215112870685,
        "steered_self_bleu": 0.19376338336839233,
        "delta_self_bleu": 0.09744123223968548,
        "baseline_repetition_mean": 0.04184577461340516,
        "steered_repetition_mean": 0.012887635038730494,
        "delta_repetition_mean": -0.02895813957467467,
        "baseline_n_valid_texts": 11,
        "steered_n_valid_texts": 30,
        "delta_n_valid_texts": 19,
        "baseline_n_total_texts": 30,
        "steered_n_total_texts": 30,
        "delta_n_total_texts": 0,
        "baseline_mean_length": 65.9090909090909,
        "steered_mean_length": 92.06666666666666,
        "delta_mean_length": 26.157575757575756,
        "baseline_std_length": 33.06317519112477,
        "steered_std_length": 5.744175794276804,
        "delta_std_length": -27.318999396847968,
        "baseline_min_length": 10,
        "steered_min_length": 81,
        "delta_min_length": 71,
        "baseline_max_length": 99,
        "steered_max_length": 102,
        "delta_max_length": 3
      }
    },